-- phpMyAdmin SQL Dump
-- version 5.1.2
-- https://www.phpmyadmin.net/
--
-- Хост: localhost:3306
-- Время создания: Июн 23 2025 г., 00:43
-- Версия сервера: 5.7.24
-- Версия PHP: 8.3.1

SET SQL_MODE = "NO_AUTO_VALUE_ON_ZERO";
START TRANSACTION;
SET time_zone = "+00:00";


/*!40101 SET @OLD_CHARACTER_SET_CLIENT=@@CHARACTER_SET_CLIENT */;
/*!40101 SET @OLD_CHARACTER_SET_RESULTS=@@CHARACTER_SET_RESULTS */;
/*!40101 SET @OLD_COLLATION_CONNECTION=@@COLLATION_CONNECTION */;
/*!40101 SET NAMES utf8mb4 */;

--
-- База данных: `college_events`
--

-- --------------------------------------------------------

--
-- Структура таблицы `attendances`
--

CREATE TABLE `attendances` (
  `id` bigint(20) UNSIGNED NOT NULL,
  `user_id` bigint(20) UNSIGNED NOT NULL,
  `event_id` bigint(20) UNSIGNED NOT NULL,
  `attended` tinyint(1) NOT NULL DEFAULT '0',
  `created_at` timestamp NULL DEFAULT NULL,
  `updated_at` timestamp NULL DEFAULT NULL
) ENGINE=InnoDB DEFAULT CHARSET=utf8mb4 COLLATE=utf8mb4_unicode_ci;

--
-- Дамп данных таблицы `attendances`
--

INSERT INTO `attendances` (`id`, `user_id`, `event_id`, `attended`, `created_at`, `updated_at`) VALUES
(4, 15, 8, 1, '2025-06-05 01:19:26', '2025-06-05 01:19:26'),
(5, 16, 8, 1, '2025-06-05 01:19:26', '2025-06-05 01:19:26'),
(6, 25, 8, 1, '2025-06-05 01:19:26', '2025-06-05 01:19:26'),
(10, 20, 12, 1, '2025-06-05 01:19:26', '2025-06-05 01:19:26'),
(11, 21, 12, 1, '2025-06-05 01:19:26', '2025-06-05 01:19:26'),
(12, 30, 12, 1, '2025-06-05 01:19:26', '2025-06-05 01:19:26'),
(13, 15, 14, 1, '2025-06-05 01:19:26', '2025-06-05 01:19:26'),
(14, 20, 14, 1, '2025-06-05 01:19:26', '2025-06-05 01:19:26'),
(15, 30, 14, 1, '2025-06-05 01:19:26', '2025-06-05 01:19:26'),
(16, 35, 14, 1, '2025-06-05 01:19:26', '2025-06-05 01:19:26'),
(21, 25, 20, 1, '2025-06-05 01:19:26', '2025-06-05 01:19:26'),
(22, 26, 20, 1, '2025-06-05 01:19:26', '2025-06-05 01:19:26'),
(23, 15, 22, 1, '2025-06-05 01:19:26', '2025-06-05 01:19:26'),
(24, 20, 22, 1, '2025-06-05 01:19:26', '2025-06-05 01:19:26'),
(25, 25, 22, 1, '2025-06-05 01:19:26', '2025-06-05 01:19:26'),
(26, 30, 22, 1, '2025-06-05 01:19:26', '2025-06-05 01:19:26'),
(27, 35, 22, 1, '2025-06-05 01:19:26', '2025-06-05 01:19:26'),
(28, 25, 24, 1, '2025-06-05 01:19:26', '2025-06-05 01:19:26'),
(29, 26, 24, 1, '2025-06-05 01:19:26', '2025-06-05 01:19:26'),
(34, 25, 26, 1, '2025-06-20 16:17:36', '2025-06-20 16:17:36'),
(35, 30, 21, 1, '2025-06-20 16:17:47', '2025-06-20 16:17:47'),
(36, 35, 21, 1, '2025-06-20 16:17:47', '2025-06-20 16:17:47'),
(37, 20, 18, 1, '2025-06-20 16:17:55', '2025-06-20 16:17:55'),
(38, 51, 28, 1, '2025-06-20 16:41:59', '2025-06-20 16:41:59');

-- --------------------------------------------------------

--
-- Структура таблицы `cache`
--

CREATE TABLE `cache` (
  `key` varchar(255) COLLATE utf8mb4_unicode_ci NOT NULL,
  `value` mediumtext COLLATE utf8mb4_unicode_ci NOT NULL,
  `expiration` int(11) NOT NULL
) ENGINE=InnoDB DEFAULT CHARSET=utf8mb4 COLLATE=utf8mb4_unicode_ci;

--
-- Дамп данных таблицы `cache`
--

INSERT INTO `cache` (`key`, `value`, `expiration`) VALUES
('kolledz_biznesa_i_prava_cache_curator@example.com|127.0.0.1', 'i:1;', 1750431022),
('kolledz_biznesa_i_prava_cache_curator@example.com|127.0.0.1:timer', 'i:1750431022;', 1750431022),
('kolledz_biznesa_i_prava_cache_student@example.com|127.0.0.1', 'i:2;', 1749536930),
('kolledz_biznesa_i_prava_cache_student@example.com|127.0.0.1:timer', 'i:1749536930;', 1749536930);

-- --------------------------------------------------------

--
-- Структура таблицы `cache_locks`
--

CREATE TABLE `cache_locks` (
  `key` varchar(255) COLLATE utf8mb4_unicode_ci NOT NULL,
  `owner` varchar(255) COLLATE utf8mb4_unicode_ci NOT NULL,
  `expiration` int(11) NOT NULL
) ENGINE=InnoDB DEFAULT CHARSET=utf8mb4 COLLATE=utf8mb4_unicode_ci;

-- --------------------------------------------------------

--
-- Структура таблицы `events`
--

CREATE TABLE `events` (
  `id` bigint(20) UNSIGNED NOT NULL,
  `title` varchar(255) COLLATE utf8mb4_unicode_ci NOT NULL,
  `description` text COLLATE utf8mb4_unicode_ci,
  `date_time` datetime NOT NULL,
  `location` varchar(255) COLLATE utf8mb4_unicode_ci NOT NULL,
  `max_participants` int(11) NOT NULL,
  `type` varchar(255) COLLATE utf8mb4_unicode_ci DEFAULT NULL,
  `theme` varchar(255) COLLATE utf8mb4_unicode_ci DEFAULT NULL,
  `attendance_token` varchar(255) COLLATE utf8mb4_unicode_ci DEFAULT NULL,
  `created_at` timestamp NULL DEFAULT NULL,
  `updated_at` timestamp NULL DEFAULT NULL
) ENGINE=InnoDB DEFAULT CHARSET=utf8mb4 COLLATE=utf8mb4_unicode_ci;

--
-- Дамп данных таблицы `events`
--

INSERT INTO `events` (`id`, `title`, `description`, `date_time`, `location`, `max_participants`, `type`, `theme`, `attendance_token`, `created_at`, `updated_at`) VALUES
(1, 'Тестовое 1', 'Описание такое-то', '2025-05-31 12:24:00', 'Музей', 10, 'Экскурсия', 'Как не потерять лето', 'etzSh4tqjgzhnmSivDMfRzeXZCgzdrUr', '2025-05-30 19:25:14', '2025-05-30 19:25:14'),
(3, 'Тестовое 2', 'Описание такое-то 232323', '2025-06-03 09:12:00', 'Мемориальный комплекс', 10, 'Лекция', 'Память', '2Ci5LDYbqV6LF7ntbcALwn4LzbZI0ecx', '2025-06-01 23:12:33', '2025-06-01 23:12:33'),
(4, 'Тестовое 3 Тестовое 3 Тестовое 3 Тестовое 3 Тестовое 3', 'аруопру лоап уало плуаопр луапрлоау рлоуап', '2025-06-03 22:18:00', 'Мемориальный комплекс', 5, NULL, 'Определенная', '3BjFzaKD0okpzRIrS7ehyO87CMXJY8Rn', '2025-06-02 19:18:42', '2025-06-03 16:22:45'),
(5, 'Название 4', 'ларпр аорпкдолр авдолрп даврп авдолп', '2025-06-03 22:08:00', 'Курган славы', 4, 'Экскурсия', NULL, 'O6pN8coeBFi7dAOzJVJPIfV21jK1kiqJ', '2025-06-03 17:08:40', '2025-06-05 00:17:26'),
(6, 'Название 5', 'вправрпавпрравп', '2025-06-05 03:42:00', 'Курган славы', 4, 'Конференция', 'Математика', '6JQE41xcd5Te8iwAeSNV29amHmH1gnit', '2025-06-04 23:41:00', '2025-06-05 00:17:09'),
(7, 'Лекция по истории искусств', 'Интерактивная лекция о развитии мирового искусства от древности до современности. Лектор: профессор Иванов И.И.', '2025-06-10 14:00:00', 'Главный корпус, аудитория 301', 30, 'Лекция', 'Искусство', 'afbe66d59daa9278f93dc462d271073a', '2025-06-05 01:19:26', '2025-06-05 01:19:26'),
(8, 'Мастер-класс по программированию', 'Практический мастер-класс по разработке веб-приложений с использованием современных фреймворков. Необходим ноутбук.', '2025-06-12 15:30:00', 'IT-лаборатория, корпус 2', 20, 'Мастер-класс', 'Программирование', '980a2ddd1a743e21486a762c1f738763', '2025-06-05 01:19:26', '2025-06-05 01:19:26'),
(9, 'Экскурсия в планетарий', 'Образовательная экскурсия в городской планетарий с демонстрацией новой программы \"Тайны черных дыр\".', '2025-06-15 12:00:00', 'Городской планетарий', 25, 'Экскурсия', 'Астрономия', 'ca5000144eb281dfed7cfc449dd7ccc4', '2025-06-05 01:19:26', '2025-06-05 01:19:26'),
(10, 'Конференция \"Инновации в образовании\"', 'Ежегодная студенческая конференция, посвященная инновационным методам обучения и образовательным технологиям.', '2025-06-18 10:00:00', 'Конференц-зал, главный корпус', 50, 'Конференция', 'Образование', '7f3fdf18ed11c236f3f630ddf9e22069', '2025-06-05 01:19:26', '2025-06-05 01:19:26'),
(11, 'Спортивный турнир по волейболу', 'Межфакультетский турнир по волейболу. Приглашаются команды от всех групп.', '2025-06-20 16:00:00', 'Спортивный комплекс', 40, 'Спортивное мероприятие', 'Волейбол', '5d4f404be7e0c2dceae6b34ca359a641', '2025-06-05 01:19:26', '2025-06-05 01:19:26'),
(12, 'Литературный вечер', 'Творческий вечер, посвященный современной поэзии. Возможность выступить со своими произведениями.', '2025-07-05 18:00:00', 'Библиотека, читальный зал', 30, 'Творческий вечер', 'Литература', '3db3cf7f00b324c5ca4b93d16298530b', '2025-06-05 01:19:26', '2025-06-05 01:19:26'),
(13, 'Семинар по финансовой грамотности', 'Практический семинар о личных финансах, инвестициях и планировании бюджета для студентов.', '2025-07-08 13:00:00', 'Экономический факультет, ауд. 205', 35, 'Семинар', 'Финансы', '4c82bc83cfc07eb4ade34799d08f8a73', '2025-06-05 01:19:26', '2025-06-05 01:19:26'),
(14, 'Экологическая акция \"Чистый город\"', 'Волонтерская акция по уборке территории городского парка. Инвентарь предоставляется.', '2025-07-12 09:00:00', 'Городской парк, центральный вход', 50, 'Волонтерство', 'Экология', '2aaeec5892f45f5d432fcc712979c6d3', '2025-06-05 01:19:26', '2025-06-05 01:19:26'),
(15, 'Мастер-класс по фотографии', 'Практический мастер-класс по основам фотографии и обработке снимков. Необходим фотоаппарат или смартфон.', '2025-07-15 16:30:00', 'Медиацентр, корпус 3', 15, 'Мастер-класс', 'Фотография', 'a4ce79698bdcb0d17a59736e9f52ecc9', '2025-06-05 01:19:26', '2025-06-05 01:19:26'),
(16, 'Дебаты \"Технологии будущего\"', 'Открытые студенческие дебаты о влиянии технологий на общество и перспективах развития.', '2025-07-18 14:00:00', 'Актовый зал', 40, 'Дебаты', 'Технологии', 'b635f2b1bd3dfdd7209697fa40024f7a', '2025-06-05 01:19:26', '2025-06-05 01:19:26'),
(17, 'Летняя школа программирования', 'Интенсивный недельный курс по программированию для начинающих. Основы Python и веб-разработки.', '2025-08-01 10:00:00', 'IT-лаборатория, корпус 2', 25, 'Курс', 'Программирование', 'f8fdbc570fb637bc02d58e7db05f0e04', '2025-06-05 01:19:26', '2025-06-05 01:19:26'),
(18, 'Экскурсия в исторический музей', 'Образовательная экскурсия в городской исторический музей с посещением новой выставки.', '2025-08-05 11:00:00', 'Исторический музей города', 30, 'Экскурсия', 'История', '4620ca4bc997b2fbe8154a96ce1a6d31', '2025-06-05 01:19:26', '2025-06-05 01:19:26'),
(19, 'Мастер-класс по ораторскому искусству', 'Практический мастер-класс по развитию навыков публичных выступлений и преодолению страха сцены.', '2025-08-10 15:00:00', 'Малый актовый зал', 20, 'Мастер-класс', 'Ораторское искусство', 'e37f50926d4d5365b85798a0e92d616f', '2025-06-05 01:19:26', '2025-06-05 01:19:26'),
(20, 'Научный семинар \"Искусственный интеллект\"', 'Научный семинар с участием приглашенных специалистов о современных достижениях в области ИИ.', '2025-08-15 13:30:00', 'Конференц-зал, корпус 4', 35, 'Семинар', 'Искусственный интеллект', '8cd30d11fe1075d2c8b84b1978ea50d1', '2025-06-05 01:19:26', '2025-06-05 01:19:26'),
(21, 'Фестиваль студенческого творчества', 'Ежегодный фестиваль, представляющий творческие работы студентов всех факультетов.', '2025-08-20 17:00:00', 'Актовый зал и прилегающая территория', 100, 'Фестиваль', 'Творчество', 'a72a20447d9d60ecd0ab7ac5d4c3a147', '2025-06-05 01:19:26', '2025-06-05 01:19:26'),
(22, 'День знаний', 'Торжественное мероприятие, посвященное началу нового учебного года.', '2025-09-01 09:00:00', 'Главная площадь кампуса', 200, 'Праздник', 'День знаний', 'ce8b1ffc5d2bd3b789d9987a725e39cc', '2025-06-05 01:19:26', '2025-06-05 01:19:26'),
(23, 'Ярмарка студенческих организаций', 'Презентация студенческих клубов, секций и организаций для новых студентов.', '2025-09-05 12:00:00', 'Холл главного корпуса', 150, 'Ярмарка', 'Студенческая жизнь', '30c5c0d36010ebcbaa2e7e15029c2e74', '2025-06-05 01:19:26', '2025-06-05 01:19:26'),
(24, 'Лекция \"Современные тренды в науке\"', 'Открытая лекция о последних научных открытиях и перспективных направлениях исследований.', '2025-09-10 14:30:00', 'Большая аудитория, корпус 1', 80, 'Лекция', 'Наука', 'b2a000bdab014b335d7b1f6950753ee1', '2025-06-05 01:19:26', '2025-06-05 01:19:26'),
(25, 'Мастер-класс по тайм-менеджменту', 'Практический мастер-класс по эффективному управлению временем для студентов.', '2025-09-15 16:00:00', 'Аудитория 405, корпус 2', 30, 'Мастер-класс', 'Тайм-менеджмент', '1085b07148543f7edc46fe3fb59288af', '2025-06-05 01:19:26', '2025-06-05 01:19:26'),
(26, 'Встреча с работодателями', 'Презентация компаний-партнеров и возможностей стажировки для студентов старших курсов.', '2025-09-20 11:00:00', 'Конференц-зал, главный корпус', 60, 'Встреча', 'Карьера', 'fdb3bbc9846da33d78b9ab398daa20b2', '2025-06-05 01:19:26', '2025-06-05 01:19:26'),
(27, 'Тестовое мероприятие', 'Описание', '2025-06-11 09:23:00', 'Актовый зал', 50, NULL, NULL, '6MjZwp9y7nu5ZYssM2bynDTVPSwJvYRx', '2025-06-10 06:24:17', '2025-06-10 06:24:17'),
(28, 'Тестовое 20', NULL, '2025-06-20 23:43:00', 'БГУ', 5, 'Концерт', NULL, '1cuadCly4xQ3PAt82NPuIgoVi3XwlBaB', '2025-06-20 16:40:39', '2025-06-20 16:40:39');

-- --------------------------------------------------------

--
-- Структура таблицы `event_groups`
--

CREATE TABLE `event_groups` (
  `id` bigint(20) UNSIGNED NOT NULL,
  `event_id` bigint(20) UNSIGNED NOT NULL,
  `group` varchar(255) COLLATE utf8mb4_unicode_ci NOT NULL,
  `created_at` timestamp NULL DEFAULT NULL,
  `updated_at` timestamp NULL DEFAULT NULL
) ENGINE=InnoDB DEFAULT CHARSET=utf8mb4 COLLATE=utf8mb4_unicode_ci;

--
-- Дамп данных таблицы `event_groups`
--

INSERT INTO `event_groups` (`id`, `event_id`, `group`, `created_at`, `updated_at`) VALUES
(1, 4, 'Т-192', '2025-06-03 16:19:17', '2025-06-03 16:19:17'),
(2, 4, 'Т-095', '2025-06-03 16:19:17', '2025-06-03 16:19:17'),
(10, 6, 'Т-192', '2025-06-05 00:17:09', '2025-06-05 00:17:09'),
(11, 6, 'Т-095', '2025-06-05 00:17:09', '2025-06-05 00:17:09'),
(12, 5, 'Т-192', '2025-06-05 00:17:26', '2025-06-05 00:17:26'),
(13, 5, 'Т-095', '2025-06-05 00:17:26', '2025-06-05 00:17:26'),
(14, 5, 'Т-094', '2025-06-05 00:17:26', '2025-06-05 00:17:26'),
(15, 7, 'Т-192', '2025-06-05 01:19:26', '2025-06-05 01:19:26'),
(16, 7, 'Т-193', '2025-06-05 01:19:26', '2025-06-05 01:19:26'),
(17, 7, 'Т-194', '2025-06-05 01:19:26', '2025-06-05 01:19:26'),
(18, 8, 'Т-192', '2025-06-05 01:19:26', '2025-06-05 01:19:26'),
(19, 8, 'Т-094', '2025-06-05 01:19:26', '2025-06-05 01:19:26'),
(20, 8, 'Т-095', '2025-06-05 01:19:26', '2025-06-05 01:19:26'),
(21, 9, 'Т-193', '2025-06-05 01:19:26', '2025-06-05 01:19:26'),
(22, 9, 'Т-194', '2025-06-05 01:19:26', '2025-06-05 01:19:26'),
(23, 10, 'Т-192', '2025-06-05 01:19:26', '2025-06-05 01:19:26'),
(24, 10, 'Т-193', '2025-06-05 01:19:26', '2025-06-05 01:19:26'),
(25, 10, 'Т-194', '2025-06-05 01:19:26', '2025-06-05 01:19:26'),
(26, 10, 'Т-195', '2025-06-05 01:19:26', '2025-06-05 01:19:26'),
(27, 11, 'Т-094', '2025-06-05 01:19:26', '2025-06-05 01:19:26'),
(28, 11, 'Т-095', '2025-06-05 01:19:26', '2025-06-05 01:19:26'),
(29, 11, 'Т-192', '2025-06-05 01:19:26', '2025-06-05 01:19:26'),
(30, 11, 'Т-193', '2025-06-05 01:19:26', '2025-06-05 01:19:26'),
(31, 12, 'Т-193', '2025-06-05 01:19:26', '2025-06-05 01:19:26'),
(32, 12, 'Т-194', '2025-06-05 01:19:26', '2025-06-05 01:19:26'),
(33, 12, 'Т-195', '2025-06-05 01:19:26', '2025-06-05 01:19:26'),
(34, 13, 'Т-094', '2025-06-05 01:19:26', '2025-06-05 01:19:26'),
(35, 13, 'Т-095', '2025-06-05 01:19:26', '2025-06-05 01:19:26'),
(36, 13, 'Т-192', '2025-06-05 01:19:26', '2025-06-05 01:19:26'),
(37, 14, 'Т-192', '2025-06-05 01:19:26', '2025-06-05 01:19:26'),
(38, 14, 'Т-193', '2025-06-05 01:19:26', '2025-06-05 01:19:26'),
(39, 14, 'Т-194', '2025-06-05 01:19:26', '2025-06-05 01:19:26'),
(40, 14, 'Т-195', '2025-06-05 01:19:26', '2025-06-05 01:19:26'),
(41, 15, 'Т-094', '2025-06-05 01:19:26', '2025-06-05 01:19:26'),
(42, 15, 'Т-095', '2025-06-05 01:19:26', '2025-06-05 01:19:26'),
(43, 16, 'Т-192', '2025-06-05 01:19:26', '2025-06-05 01:19:26'),
(44, 16, 'Т-193', '2025-06-05 01:19:26', '2025-06-05 01:19:26'),
(45, 16, 'Т-194', '2025-06-05 01:19:26', '2025-06-05 01:19:26'),
(46, 17, 'Т-094', '2025-06-05 01:19:26', '2025-06-05 01:19:26'),
(47, 17, 'Т-095', '2025-06-05 01:19:26', '2025-06-05 01:19:26'),
(48, 17, 'Т-192', '2025-06-05 01:19:26', '2025-06-05 01:19:26'),
(49, 18, 'Т-193', '2025-06-05 01:19:26', '2025-06-05 01:19:26'),
(50, 18, 'Т-194', '2025-06-05 01:19:26', '2025-06-05 01:19:26'),
(51, 18, 'Т-195', '2025-06-05 01:19:26', '2025-06-05 01:19:26'),
(52, 19, 'Т-192', '2025-06-05 01:19:26', '2025-06-05 01:19:26'),
(53, 19, 'Т-193', '2025-06-05 01:19:26', '2025-06-05 01:19:26'),
(54, 20, 'Т-094', '2025-06-05 01:19:26', '2025-06-05 01:19:26'),
(55, 20, 'Т-095', '2025-06-05 01:19:26', '2025-06-05 01:19:26'),
(56, 20, 'Т-192', '2025-06-05 01:19:26', '2025-06-05 01:19:26'),
(57, 21, 'Т-192', '2025-06-05 01:19:26', '2025-06-05 01:19:26'),
(58, 21, 'Т-193', '2025-06-05 01:19:26', '2025-06-05 01:19:26'),
(59, 21, 'Т-194', '2025-06-05 01:19:26', '2025-06-05 01:19:26'),
(60, 21, 'Т-195', '2025-06-05 01:19:26', '2025-06-05 01:19:26'),
(61, 21, 'Т-094', '2025-06-05 01:19:26', '2025-06-05 01:19:26'),
(62, 21, 'Т-095', '2025-06-05 01:19:26', '2025-06-05 01:19:26'),
(63, 22, 'Т-192', '2025-06-05 01:19:26', '2025-06-05 01:19:26'),
(64, 22, 'Т-193', '2025-06-05 01:19:26', '2025-06-05 01:19:26'),
(65, 22, 'Т-194', '2025-06-05 01:19:26', '2025-06-05 01:19:26'),
(66, 22, 'Т-195', '2025-06-05 01:19:26', '2025-06-05 01:19:26'),
(67, 22, 'Т-094', '2025-06-05 01:19:26', '2025-06-05 01:19:26'),
(68, 22, 'Т-095', '2025-06-05 01:19:26', '2025-06-05 01:19:26'),
(69, 23, 'Т-192', '2025-06-05 01:19:26', '2025-06-05 01:19:26'),
(70, 23, 'Т-193', '2025-06-05 01:19:26', '2025-06-05 01:19:26'),
(71, 23, 'Т-194', '2025-06-05 01:19:26', '2025-06-05 01:19:26'),
(72, 23, 'Т-195', '2025-06-05 01:19:26', '2025-06-05 01:19:26'),
(73, 24, 'Т-094', '2025-06-05 01:19:26', '2025-06-05 01:19:26'),
(74, 24, 'Т-095', '2025-06-05 01:19:26', '2025-06-05 01:19:26'),
(75, 24, 'Т-192', '2025-06-05 01:19:26', '2025-06-05 01:19:26'),
(76, 24, 'Т-193', '2025-06-05 01:19:26', '2025-06-05 01:19:26'),
(77, 25, 'Т-192', '2025-06-05 01:19:26', '2025-06-05 01:19:26'),
(78, 25, 'Т-193', '2025-06-05 01:19:26', '2025-06-05 01:19:26'),
(79, 25, 'Т-194', '2025-06-05 01:19:26', '2025-06-05 01:19:26'),
(80, 25, 'Т-195', '2025-06-05 01:19:26', '2025-06-05 01:19:26'),
(81, 26, 'Т-094', '2025-06-05 01:19:26', '2025-06-05 01:19:26'),
(82, 26, 'Т-095', '2025-06-05 01:19:26', '2025-06-05 01:19:26'),
(83, 26, 'Т-192', '2025-06-05 01:19:26', '2025-06-05 01:19:26'),
(84, 26, 'Т-193', '2025-06-05 01:19:26', '2025-06-05 01:19:26'),
(85, 27, 'Т-192', '2025-06-10 06:24:17', '2025-06-10 06:24:17'),
(86, 28, 'Т-095', '2025-06-20 16:40:39', '2025-06-20 16:40:39'),
(87, 28, 'Т-192', '2025-06-20 16:40:39', '2025-06-20 16:40:39');

-- --------------------------------------------------------

--
-- Структура таблицы `failed_jobs`
--

CREATE TABLE `failed_jobs` (
  `id` bigint(20) UNSIGNED NOT NULL,
  `uuid` varchar(255) COLLATE utf8mb4_unicode_ci NOT NULL,
  `connection` text COLLATE utf8mb4_unicode_ci NOT NULL,
  `queue` text COLLATE utf8mb4_unicode_ci NOT NULL,
  `payload` longtext COLLATE utf8mb4_unicode_ci NOT NULL,
  `exception` longtext COLLATE utf8mb4_unicode_ci NOT NULL,
  `failed_at` timestamp NOT NULL DEFAULT CURRENT_TIMESTAMP
) ENGINE=InnoDB DEFAULT CHARSET=utf8mb4 COLLATE=utf8mb4_unicode_ci;

-- --------------------------------------------------------

--
-- Структура таблицы `invitations`
--

CREATE TABLE `invitations` (
  `id` bigint(20) UNSIGNED NOT NULL,
  `token` varchar(64) COLLATE utf8mb4_unicode_ci NOT NULL,
  `role` varchar(255) COLLATE utf8mb4_unicode_ci NOT NULL DEFAULT 'student',
  `group` varchar(255) COLLATE utf8mb4_unicode_ci DEFAULT NULL,
  `created_by` bigint(20) UNSIGNED NOT NULL,
  `used` tinyint(1) NOT NULL DEFAULT '0',
  `multi_use` tinyint(1) NOT NULL DEFAULT '0',
  `expires_at` timestamp NOT NULL DEFAULT CURRENT_TIMESTAMP ON UPDATE CURRENT_TIMESTAMP,
  `created_at` timestamp NULL DEFAULT NULL,
  `updated_at` timestamp NULL DEFAULT NULL
) ENGINE=InnoDB DEFAULT CHARSET=utf8mb4 COLLATE=utf8mb4_unicode_ci;

--
-- Дамп данных таблицы `invitations`
--

INSERT INTO `invitations` (`id`, `token`, `role`, `group`, `created_by`, `used`, `multi_use`, `expires_at`, `created_at`, `updated_at`) VALUES
(1, 'NRxyzLDRKNB6tucS4zrp1q9hePHWuGzo', 'student', NULL, 1, 1, 0, '2025-05-30 23:24:49', '2025-05-30 23:24:16', '2025-05-30 23:24:49'),
(2, 'bzZ5ZhoSZUbKee5kBw1Ci1ZbLdzt1V7h', 'curator', NULL, 1, 1, 0, '2025-05-30 23:27:39', '2025-05-30 23:26:02', '2025-05-30 23:27:39'),
(4, 'YNRzGDVva2PgDWE5BOyRSnY1N1naP1Ep', 'student', 'Т-192', 1, 1, 0, '2025-06-01 18:31:55', '2025-06-01 18:26:53', '2025-06-01 18:31:55'),
(5, 'gF2MhhOJKCXmx6jw1qb593ORwJZnN3IR', 'student', 'Т-192', 1, 1, 0, '2025-06-01 18:34:12', '2025-06-01 18:33:45', '2025-06-01 18:34:12'),
(6, '7gtPf4Ld51G3faSGgfn7RnjyOtc379qF', 'curator', '[\"\\u0422-192\"]', 1, 1, 0, '2025-06-01 18:36:41', '2025-06-01 18:36:03', '2025-06-01 18:36:41'),
(7, 'FUNCWsEhf9Q5JmcPhD5Zrxw5BMUvDxLb', 'curator', '[\"Т-192\"]', 1, 1, 0, '2025-06-01 18:51:31', '2025-06-01 18:50:37', '2025-06-01 18:51:31'),
(8, 'XG3Dn1lxRVRwT0ic0x0yyxtPqGbiK1X7', 'student', 'Т-193', 1, 1, 0, '2025-06-01 21:47:26', '2025-06-01 21:46:47', '2025-06-01 21:47:26'),
(9, 'a5O0zmtnvekkK5QNPzEoCBV5doyEdohJ', 'curator', '[\"Т-192\",\"Т-193\",\"Т-194\",\"Т-195\"]', 1, 1, 0, '2025-06-01 21:53:37', '2025-06-01 21:51:50', '2025-06-01 21:53:37'),
(10, 'SGuVz6y7OHxivYVwSWYtyXopbtFw2wZD', 'student', 'Т-194', 1, 1, 1, '2025-06-01 22:38:02', '2025-06-01 22:34:43', '2025-06-01 22:38:02'),
(11, 'jw3cACcvDnbIoi05YGRVwSYodwoLGA9T', 'student', 'Т-194', 1, 1, 1, '2025-06-02 01:38:38', '2025-06-02 01:37:52', '2025-06-02 01:38:38'),
(12, 'rF1FBpEuh7vVorYfp3kOBkNkP0FrqxB4', 'student', 'Т-095', 1, 1, 1, '2025-06-03 14:14:12', '2025-06-03 12:38:33', '2025-06-03 14:14:12'),
(35, 'dbcabd78bafee47dfc37856b24b8d564', 'student', 'Т-192', 1, 1, 0, '2025-06-03 01:19:26', '2025-05-29 01:19:26', '2025-06-03 01:19:26'),
(36, 'e5a4c12c5a04f4e728a5e452280107f3', 'student', 'Т-095', 1, 1, 0, '2025-06-02 01:19:26', '2025-05-26 01:19:26', '2025-06-02 01:19:26'),
(37, '35c402f3427f1b00d5f15e9f2d451851', 'curator', '[\"Т-192\",\"Т-193\"]', 1, 1, 0, '2025-05-31 01:19:26', '2025-05-22 01:19:26', '2025-05-31 01:19:26'),
(38, 'QKFVbR1lMtugz7rAMsicsknenl0RZABv', 'student', 'Т-191', 1, 1, 0, '2025-06-10 06:10:56', '2025-06-10 06:08:09', '2025-06-10 06:10:56'),
(39, 'j4CpJvkP19ekg0JnprB07PhjLth4WE63', 'curator', NULL, 1, 0, 0, '2025-06-17 06:32:00', '2025-06-10 06:33:13', '2025-06-10 06:33:13'),
(41, 'fixrUXbp5QzaeGmKZf3UUvprMbP9v8nD', 'student', 'Т-192', 1, 1, 0, '2025-06-10 06:37:43', '2025-06-10 06:37:17', '2025-06-10 06:37:43');

-- --------------------------------------------------------

--
-- Структура таблицы `jobs`
--

CREATE TABLE `jobs` (
  `id` bigint(20) UNSIGNED NOT NULL,
  `queue` varchar(255) COLLATE utf8mb4_unicode_ci NOT NULL,
  `payload` longtext COLLATE utf8mb4_unicode_ci NOT NULL,
  `attempts` tinyint(3) UNSIGNED NOT NULL,
  `reserved_at` int(10) UNSIGNED DEFAULT NULL,
  `available_at` int(10) UNSIGNED NOT NULL,
  `created_at` int(10) UNSIGNED NOT NULL
) ENGINE=InnoDB DEFAULT CHARSET=utf8mb4 COLLATE=utf8mb4_unicode_ci;

-- --------------------------------------------------------

--
-- Структура таблицы `job_batches`
--

CREATE TABLE `job_batches` (
  `id` varchar(255) COLLATE utf8mb4_unicode_ci NOT NULL,
  `name` varchar(255) COLLATE utf8mb4_unicode_ci NOT NULL,
  `total_jobs` int(11) NOT NULL,
  `pending_jobs` int(11) NOT NULL,
  `failed_jobs` int(11) NOT NULL,
  `failed_job_ids` longtext COLLATE utf8mb4_unicode_ci NOT NULL,
  `options` mediumtext COLLATE utf8mb4_unicode_ci,
  `cancelled_at` int(11) DEFAULT NULL,
  `created_at` int(11) NOT NULL,
  `finished_at` int(11) DEFAULT NULL
) ENGINE=InnoDB DEFAULT CHARSET=utf8mb4 COLLATE=utf8mb4_unicode_ci;

-- --------------------------------------------------------

--
-- Структура таблицы `migrations`
--

CREATE TABLE `migrations` (
  `id` int(10) UNSIGNED NOT NULL,
  `migration` varchar(255) COLLATE utf8mb4_unicode_ci NOT NULL,
  `batch` int(11) NOT NULL
) ENGINE=InnoDB DEFAULT CHARSET=utf8mb4 COLLATE=utf8mb4_unicode_ci;

--
-- Дамп данных таблицы `migrations`
--

INSERT INTO `migrations` (`id`, `migration`, `batch`) VALUES
(1, '0001_01_01_000000_create_users_table', 1),
(2, '0001_01_01_000001_create_cache_table', 1),
(3, '0001_01_01_000002_create_jobs_table', 1),
(4, '2025_04_15_220948_create_events_table', 1),
(5, '2025_04_15_220957_create_attendances_table', 1),
(8, '2025_04_15_223854_create_password_reset_tokens_table', 2),
(10, '2025_04_15_225532_add_role_to_users_table', 3),
(11, '2025_04_15_221005_create_registrations_table', 4),
(12, '2025_04_15_232358_add_columns_to_registrations_table', 5),
(13, '2025_05_13_164548_add_group_to_users_table', 6),
(14, '2025_05_16_182441_add_attendance_token_to_events_table', 7),
(15, '2025_05_16_185727_add_is_attendance_confirmed_to_registrations_table', 8),
(16, '2025_05_24_000549_add_theme_to_users_table', 9),
(17, '2025_05_30_205314_update_users_table_add_curator_role_and_groups', 10),
(18, '2025_05_30_205421_create_invitations_table', 11),
(19, '2025_05_30_210852_create_event_groups_table', 12),
(20, '2025_05_30_214558_add_email_notifications_to_users_table', 13),
(21, '2025_06_02_012611_add_multi_use_to_invitations_table', 14);

-- --------------------------------------------------------

--
-- Структура таблицы `password_reset_tokens`
--

CREATE TABLE `password_reset_tokens` (
  `email` varchar(255) COLLATE utf8mb4_unicode_ci NOT NULL,
  `token` varchar(255) COLLATE utf8mb4_unicode_ci NOT NULL,
  `created_at` timestamp NULL DEFAULT NULL
) ENGINE=InnoDB DEFAULT CHARSET=utf8mb4 COLLATE=utf8mb4_unicode_ci;

--
-- Дамп данных таблицы `password_reset_tokens`
--

INSERT INTO `password_reset_tokens` (`email`, `token`, `created_at`) VALUES
('kurator@example.com', '$2y$12$Ut.QB.tzwdcyhGdVVSy9geK1mmsF6Fn1IUa8A/8KaJeuReiSEHOkS', '2025-06-03 17:23:16');

-- --------------------------------------------------------

--
-- Структура таблицы `registrations`
--

CREATE TABLE `registrations` (
  `id` bigint(20) UNSIGNED NOT NULL,
  `user_id` bigint(20) UNSIGNED NOT NULL,
  `event_id` bigint(20) UNSIGNED NOT NULL,
  `is_attendance_confirmed` tinyint(1) NOT NULL DEFAULT '0',
  `created_at` timestamp NULL DEFAULT NULL,
  `updated_at` timestamp NULL DEFAULT NULL
) ENGINE=InnoDB DEFAULT CHARSET=utf8mb4 COLLATE=utf8mb4_unicode_ci;

--
-- Дамп данных таблицы `registrations`
--

INSERT INTO `registrations` (`id`, `user_id`, `event_id`, `is_attendance_confirmed`, `created_at`, `updated_at`) VALUES
(5, 15, 7, 0, '2025-06-05 01:19:26', '2025-06-05 01:19:26'),
(6, 16, 7, 0, '2025-06-05 01:19:26', '2025-06-05 01:19:26'),
(7, 17, 7, 0, '2025-06-05 01:19:26', '2025-06-05 01:19:26'),
(8, 20, 7, 0, '2025-06-05 01:19:26', '2025-06-05 01:19:26'),
(9, 21, 7, 0, '2025-06-05 01:19:26', '2025-06-05 01:19:26'),
(10, 15, 8, 1, '2025-06-05 01:19:26', '2025-06-05 01:19:26'),
(11, 16, 8, 1, '2025-06-05 01:19:26', '2025-06-05 01:19:26'),
(12, 25, 8, 1, '2025-06-05 01:19:26', '2025-06-05 01:19:26'),
(13, 26, 8, 0, '2025-06-05 01:19:26', '2025-06-05 01:19:26'),
(14, 27, 8, 0, '2025-06-05 01:19:26', '2025-06-05 01:19:26'),
(15, 20, 9, 0, '2025-06-05 01:19:26', '2025-06-05 01:19:26'),
(16, 21, 9, 0, '2025-06-05 01:19:26', '2025-06-05 01:19:26'),
(17, 30, 9, 0, '2025-06-05 01:19:26', '2025-06-05 01:19:26'),
(18, 31, 9, 0, '2025-06-05 01:19:26', '2025-06-05 01:19:26'),
(19, 15, 10, 1, '2025-06-05 01:19:26', '2025-06-05 01:19:26'),
(20, 16, 10, 1, '2025-06-05 01:19:26', '2025-06-05 01:19:26'),
(21, 20, 10, 1, '2025-06-05 01:19:26', '2025-06-05 01:19:26'),
(22, 30, 10, 0, '2025-06-05 01:19:26', '2025-06-05 01:19:26'),
(23, 35, 10, 0, '2025-06-05 01:19:26', '2025-06-05 01:19:26'),
(24, 25, 11, 0, '2025-06-05 01:19:26', '2025-06-05 01:19:26'),
(25, 26, 11, 0, '2025-06-05 01:19:26', '2025-06-05 01:19:26'),
(26, 15, 11, 0, '2025-06-05 01:19:26', '2025-06-05 01:19:26'),
(27, 20, 11, 0, '2025-06-05 01:19:26', '2025-06-05 01:19:26'),
(28, 20, 12, 1, '2025-06-05 01:19:26', '2025-06-05 01:19:26'),
(29, 21, 12, 1, '2025-06-05 01:19:26', '2025-06-05 01:19:26'),
(30, 30, 12, 1, '2025-06-05 01:19:26', '2025-06-05 01:19:26'),
(31, 35, 12, 0, '2025-06-05 01:19:26', '2025-06-05 01:19:26'),
(32, 25, 13, 0, '2025-06-05 01:19:26', '2025-06-05 01:19:26'),
(33, 26, 13, 0, '2025-06-05 01:19:26', '2025-06-05 01:19:26'),
(34, 15, 13, 0, '2025-06-05 01:19:26', '2025-06-05 01:19:26'),
(35, 15, 14, 1, '2025-06-05 01:19:26', '2025-06-05 01:19:26'),
(36, 20, 14, 1, '2025-06-05 01:19:26', '2025-06-05 01:19:26'),
(37, 30, 14, 1, '2025-06-05 01:19:26', '2025-06-05 01:19:26'),
(38, 35, 14, 1, '2025-06-05 01:19:26', '2025-06-05 01:19:26'),
(39, 25, 15, 0, '2025-06-05 01:19:26', '2025-06-05 01:19:26'),
(40, 26, 15, 0, '2025-06-05 01:19:26', '2025-06-05 01:19:26'),
(41, 15, 16, 1, '2025-06-05 01:19:26', '2025-06-05 01:19:26'),
(42, 20, 16, 1, '2025-06-05 01:19:26', '2025-06-05 01:19:26'),
(43, 30, 16, 0, '2025-06-05 01:19:26', '2025-06-05 01:19:26'),
(44, 25, 17, 0, '2025-06-05 01:19:26', '2025-06-05 01:19:26'),
(45, 26, 17, 0, '2025-06-05 01:19:26', '2025-06-05 01:19:26'),
(46, 15, 17, 0, '2025-06-05 01:19:26', '2025-06-05 01:19:26'),
(47, 20, 18, 1, '2025-06-05 01:19:26', '2025-06-05 01:19:26'),
(48, 30, 18, 1, '2025-06-05 01:19:26', '2025-06-05 01:19:26'),
(49, 35, 18, 0, '2025-06-05 01:19:26', '2025-06-05 01:19:26'),
(50, 15, 19, 0, '2025-06-05 01:19:26', '2025-06-05 01:19:26'),
(51, 20, 19, 0, '2025-06-05 01:19:26', '2025-06-05 01:19:26'),
(52, 25, 20, 1, '2025-06-05 01:19:26', '2025-06-05 01:19:26'),
(53, 26, 20, 1, '2025-06-05 01:19:26', '2025-06-05 01:19:26'),
(54, 15, 20, 0, '2025-06-05 01:19:26', '2025-06-05 01:19:26'),
(55, 15, 21, 0, '2025-06-05 01:19:26', '2025-06-05 01:19:26'),
(56, 20, 21, 0, '2025-06-05 01:19:26', '2025-06-05 01:19:26'),
(57, 25, 21, 0, '2025-06-05 01:19:26', '2025-06-05 01:19:26'),
(58, 30, 21, 0, '2025-06-05 01:19:26', '2025-06-05 01:19:26'),
(59, 35, 21, 0, '2025-06-05 01:19:26', '2025-06-05 01:19:26'),
(60, 15, 22, 1, '2025-06-05 01:19:26', '2025-06-05 01:19:26'),
(61, 20, 22, 1, '2025-06-05 01:19:26', '2025-06-05 01:19:26'),
(62, 25, 22, 1, '2025-06-05 01:19:26', '2025-06-05 01:19:26'),
(63, 30, 22, 1, '2025-06-05 01:19:26', '2025-06-05 01:19:26'),
(64, 35, 22, 1, '2025-06-05 01:19:26', '2025-06-05 01:19:26'),
(65, 15, 23, 0, '2025-06-05 01:19:26', '2025-06-05 01:19:26'),
(66, 20, 23, 0, '2025-06-05 01:19:26', '2025-06-05 01:19:26'),
(67, 30, 23, 0, '2025-06-05 01:19:26', '2025-06-05 01:19:26'),
(68, 35, 23, 0, '2025-06-05 01:19:26', '2025-06-05 01:19:26'),
(69, 25, 24, 1, '2025-06-05 01:19:26', '2025-06-05 01:19:26'),
(70, 26, 24, 1, '2025-06-05 01:19:26', '2025-06-05 01:19:26'),
(71, 15, 24, 0, '2025-06-05 01:19:26', '2025-06-05 01:19:26'),
(72, 20, 24, 0, '2025-06-05 01:19:26', '2025-06-05 01:19:26'),
(73, 15, 25, 0, '2025-06-05 01:19:26', '2025-06-05 01:19:26'),
(74, 20, 25, 0, '2025-06-05 01:19:26', '2025-06-05 01:19:26'),
(75, 30, 25, 0, '2025-06-05 01:19:26', '2025-06-05 01:19:26'),
(76, 35, 25, 0, '2025-06-05 01:19:26', '2025-06-05 01:19:26'),
(77, 25, 26, 1, '2025-06-05 01:19:26', '2025-06-05 01:19:26'),
(78, 26, 26, 1, '2025-06-05 01:19:26', '2025-06-05 01:19:26'),
(79, 15, 26, 0, '2025-06-05 01:19:26', '2025-06-05 01:19:26'),
(80, 20, 26, 0, '2025-06-05 01:19:26', '2025-06-05 01:19:26'),
(81, 51, 27, 0, '2025-06-10 06:39:15', '2025-06-10 06:39:15'),
(82, 51, 26, 0, '2025-06-20 16:30:10', '2025-06-20 16:30:10'),
(83, 51, 28, 1, '2025-06-20 16:41:59', '2025-06-20 16:41:59'),
(85, 51, 25, 0, '2025-06-20 17:10:40', '2025-06-20 17:10:40');

-- --------------------------------------------------------

--
-- Структура таблицы `sessions`
--

CREATE TABLE `sessions` (
  `id` varchar(255) COLLATE utf8mb4_unicode_ci NOT NULL,
  `user_id` bigint(20) UNSIGNED DEFAULT NULL,
  `ip_address` varchar(45) COLLATE utf8mb4_unicode_ci DEFAULT NULL,
  `user_agent` text COLLATE utf8mb4_unicode_ci,
  `payload` longtext COLLATE utf8mb4_unicode_ci NOT NULL,
  `last_activity` int(11) NOT NULL
) ENGINE=InnoDB DEFAULT CHARSET=utf8mb4 COLLATE=utf8mb4_unicode_ci;

--
-- Дамп данных таблицы `sessions`
--

INSERT INTO `sessions` (`id`, `user_id`, `ip_address`, `user_agent`, `payload`, `last_activity`) VALUES
('dRyYu0VSX0ZquO9IBLexKXuQSOuB98HRlGmeP7eW', 7, '127.0.0.1', 'Mozilla/5.0 (Windows NT 10.0; Win64; x64) AppleWebKit/537.36 (KHTML, like Gecko) Chrome/137.0.0.0 Safari/537.36 Edg/137.0.0.0', 'YTo0OntzOjY6Il90b2tlbiI7czo0MDoick1LT2RQcEtEQjdSWGNoQUgzUUxjdzl6c1drYUh4OWIzOUZCTHFxcyI7czo2OiJfZmxhc2giO2E6Mjp7czozOiJvbGQiO2E6MDp7fXM6MzoibmV3IjthOjA6e319czo5OiJfcHJldmlvdXMiO2E6MTp7czozOiJ1cmwiO3M6MzE6Imh0dHA6Ly9sb2NhbGhvc3Q6ODAwMC9ldmVudHMvMjMiO31zOjUwOiJsb2dpbl93ZWJfNTliYTM2YWRkYzJiMmY5NDAxNTgwZjAxNGM3ZjU4ZWE0ZTMwOTg5ZCI7aTo3O30=', 1750439512),
('XQHYNcu7PQBUixvOScVieEohq3lJQ1n8pCvyanzO', 1, '127.0.0.1', 'Mozilla/5.0 (Windows NT 10.0; Win64; x64) AppleWebKit/537.36 (KHTML, like Gecko) Chrome/137.0.0.0 Safari/537.36 Edg/137.0.0.0', 'YTo0OntzOjY6Il90b2tlbiI7czo0MDoiUnpCVnpEQmJzWHozRHNTaFZmNWFYdFhtYURiZXJZSEMyR0Z3RU9xTCI7czo2OiJfZmxhc2giO2E6Mjp7czozOiJvbGQiO2E6MDp7fXM6MzoibmV3IjthOjA6e319czo5OiJfcHJldmlvdXMiO2E6MTp7czozOiJ1cmwiO3M6Mjk6Imh0dHA6Ly9sb2NhbGhvc3Q6ODAwMC9yZXBvcnRzIjt9czo1MDoibG9naW5fd2ViXzU5YmEzNmFkZGMyYjJmOTQwMTU4MGYwMTRjN2Y1OGVhNGUzMDk4OWQiO2k6MTt9', 1750439793);

-- --------------------------------------------------------

--
-- Структура таблицы `users`
--

CREATE TABLE `users` (
  `id` bigint(20) UNSIGNED NOT NULL,
  `name` varchar(255) COLLATE utf8mb4_unicode_ci NOT NULL,
  `email` varchar(255) COLLATE utf8mb4_unicode_ci NOT NULL,
  `email_verified_at` timestamp NULL DEFAULT NULL,
  `password` varchar(255) COLLATE utf8mb4_unicode_ci NOT NULL,
  `theme` varchar(255) COLLATE utf8mb4_unicode_ci NOT NULL DEFAULT 'light',
  `group` varchar(255) COLLATE utf8mb4_unicode_ci DEFAULT NULL,
  `remember_token` varchar(100) COLLATE utf8mb4_unicode_ci DEFAULT NULL,
  `created_at` timestamp NULL DEFAULT NULL,
  `updated_at` timestamp NULL DEFAULT NULL,
  `role` varchar(255) COLLATE utf8mb4_unicode_ci NOT NULL DEFAULT 'student',
  `curator_groups` json DEFAULT NULL,
  `email_notifications` tinyint(1) NOT NULL DEFAULT '1'
) ENGINE=InnoDB DEFAULT CHARSET=utf8mb4 COLLATE=utf8mb4_unicode_ci;

--
-- Дамп данных таблицы `users`
--

INSERT INTO `users` (`id`, `name`, `email`, `email_verified_at`, `password`, `theme`, `group`, `remember_token`, `created_at`, `updated_at`, `role`, `curator_groups`, `email_notifications`) VALUES
(1, 'admin', 'admin@example.com', NULL, '$2y$12$5gO1PPlQsoKRKIbPVhT2AO6DEDcO7LbzekwffTtUw.VkTI/XORMEa', 'dark', NULL, 'hyeoO176QlvQgiPjwSN4XR8oXQ7H4IE1vcLyevxIz8bzIi1SbxtEwN2dJZfY', '2025-05-30 19:18:28', '2025-06-20 16:36:27', 'admin', NULL, 1),
(7, 'Елена Ремовна', 'kurator@example.com', NULL, '$2y$12$KmAnH/hA5WaREmegV3UZM.fFgWjRNvCSOblbgwvph.jx5..etp8ty', 'light', NULL, NULL, '2025-06-01 18:51:31', '2025-06-20 14:56:19', 'curator', '[\"Т-193\", \"Т-192\", \"Т-191\"]', 0),
(8, 'Саша', 'sasha@example.com', NULL, '$2y$12$7LfRLdp1MhVq14qbbhFDtuNf2oL.rL5G0RImmK5zyw0aqpcAbP6I6', 'light', 'Т-193', NULL, '2025-06-01 21:47:26', '2025-06-01 21:47:26', 'student', NULL, 1),
(9, 'Джени', 'jeni@example.com', NULL, '$2y$12$XDnRT9baXGgFuR17CQndfeMHgeg2AfuMAHqfLDn4GwX1FsXYy6pf2', 'light', NULL, NULL, '2025-06-01 21:53:37', '2025-06-01 21:53:37', 'curator', '\"[\\\"Т-192\\\",\\\"Т-193\\\",\\\"Т-194\\\",\\\"Т-195\\\"]\"', 1),
(10, 'Адриан', 'adrian@example.com', NULL, '$2y$12$aUIyyNI1BxttskxmU5TU5exSaVvotIuu700G3NA2bihy.vxqspgEO', 'light', 'Т-194', NULL, '2025-06-01 22:38:02', '2025-06-01 22:38:02', 'student', NULL, 1),
(11, 'Егор', 'egor@example.com', NULL, '$2y$12$882TQSNNM9KbtN9ptGH0lOtcJDZCY.vZL2Gp4cp36EDhp0GDn2/bK', 'light', 'Т-194', NULL, '2025-06-02 01:38:38', '2025-06-02 01:38:38', 'student', NULL, 1),
(12, 'Алина', 'alina@example.com', NULL, '$2y$12$CiJQeGbqWsUqPzznAj3qb.dpZ9JkPGGjjvagZqX.P6XjdBR1zcUna', 'dark', 'Т-095', NULL, '2025-06-03 14:14:11', '2025-06-03 15:48:28', 'student', NULL, 1),
(13, 'Андрей', 'andrey@example.com', NULL, '$2y$12$Btlf/hYqIt.AIrk9ycb0xu0h1IXWiD/wt1EgZ5X7GVEzE87NrT8U2', 'light', 'Т-094', NULL, '2025-06-03 17:04:21', '2025-06-03 17:04:21', 'student', NULL, 1),
(14, 'Владимир', 'vladimir@example.com', NULL, '$2y$12$RMkSqcOKXAl/aJflCNSqze1ob0Z256dGz9/n06eFnTTtDQEvHLise', 'light', 'Т-094', NULL, '2025-06-03 17:05:10', '2025-06-03 17:05:10', 'student', NULL, 1),
(15, 'Иван Петров', 'ivan.petrov@example.com', NULL, '$2y$12$5gO1PPlQsoKRKIbPVhT2AO6DEDcO7LbzekwfCCBJPRQa.MH1YBtMK', 'light', 'Т-192', NULL, '2025-06-05 01:19:26', '2025-06-05 01:19:26', 'student', NULL, 1),
(16, 'Мария Иванова', 'maria.ivanova@example.com', NULL, '$2y$12$5gO1PPlQsoKRKIbPVhT2AO6DEDcO7LbzekwfCCBJPRQa.MH1YBtMK', 'dark', 'Т-192', NULL, '2025-06-05 01:19:26', '2025-06-05 01:19:26', 'student', NULL, 1),
(17, 'Алексей Смирнов', 'alexey.smirnov@example.com', NULL, '$2y$12$5gO1PPlQsoKRKIbPVhT2AO6DEDcO7LbzekwfCCBJPRQa.MH1YBtMK', 'light', 'Т-192', NULL, '2025-06-05 01:19:26', '2025-06-05 01:19:26', 'student', NULL, 0),
(18, 'Екатерина Козлова', 'ekaterina.kozlova@example.com', NULL, '$2y$12$5gO1PPlQsoKRKIbPVhT2AO6DEDcO7LbzekwfCCBJPRQa.MH1YBtMK', 'dark', 'Т-192', NULL, '2025-06-05 01:19:26', '2025-06-05 01:19:26', 'student', NULL, 1),
(19, 'Дмитрий Новиков', 'dmitry.novikov@example.com', NULL, '$2y$12$5gO1PPlQsoKRKIbPVhT2AO6DEDcO7LbzekwfCCBJPRQa.MH1YBtMK', 'light', 'Т-192', NULL, '2025-06-05 01:19:26', '2025-06-05 01:19:26', 'student', NULL, 1),
(20, 'Анна Соколова', 'anna.sokolova@example.com', NULL, '$2y$12$5gO1PPlQsoKRKIbPVhT2AO6DEDcO7LbzekwfCCBJPRQa.MH1YBtMK', 'light', 'Т-095', NULL, '2025-06-05 01:19:26', '2025-06-05 01:19:26', 'student', NULL, 1),
(21, 'Павел Морозов', 'pavel.morozov@example.com', NULL, '$2y$12$5gO1PPlQsoKRKIbPVhT2AO6DEDcO7LbzekwfCCBJPRQa.MH1YBtMK', 'dark', 'Т-095', NULL, '2025-06-05 01:19:26', '2025-06-05 01:19:26', 'student', NULL, 0),
(22, 'Ольга Волкова', 'olga.volkova@example.com', NULL, '$2y$12$5gO1PPlQsoKRKIbPVhT2AO6DEDcO7LbzekwfCCBJPRQa.MH1YBtMK', 'light', 'Т-095', NULL, '2025-06-05 01:19:26', '2025-06-05 01:19:26', 'student', NULL, 1),
(23, 'Сергей Лебедев', 'sergey.lebedev@example.com', NULL, '$2y$12$5gO1PPlQsoKRKIbPVhT2AO6DEDcO7LbzekwfCCBJPRQa.MH1YBtMK', 'dark', 'Т-095', NULL, '2025-06-05 01:19:26', '2025-06-05 01:19:26', 'student', NULL, 1),
(24, 'Наталья Кузнецова', 'natalia.kuznetsova@example.com', NULL, '$2y$12$5gO1PPlQsoKRKIbPVhT2AO6DEDcO7LbzekwfCCBJPRQa.MH1YBtMK', 'light', 'Т-095', NULL, '2025-06-05 01:19:26', '2025-06-05 01:19:26', 'student', NULL, 0),
(25, 'Андрей Васильев', 'andrey.vasiliev@example.com', NULL, '$2y$12$5gO1PPlQsoKRKIbPVhT2AO6DEDcO7LbzekwfCCBJPRQa.MH1YBtMK', 'light', 'Т-094', NULL, '2025-06-05 01:19:26', '2025-06-05 01:19:26', 'student', NULL, 1),
(26, 'Юлия Михайлова', 'yulia.mikhailova@example.com', NULL, '$2y$12$5gO1PPlQsoKRKIbPVhT2AO6DEDcO7LbzekwfCCBJPRQa.MH1YBtMK', 'dark', 'Т-094', NULL, '2025-06-05 01:19:26', '2025-06-05 01:19:26', 'student', NULL, 1),
(27, 'Максим Орлов', 'maxim.orlov@example.com', NULL, '$2y$12$5gO1PPlQsoKRKIbPVhT2AO6DEDcO7LbzekwfCCBJPRQa.MH1YBtMK', 'light', 'Т-094', NULL, '2025-06-05 01:19:26', '2025-06-05 01:19:26', 'student', NULL, 0),
(28, 'Елена Белова', 'elena.belova@example.com', NULL, '$2y$12$5gO1PPlQsoKRKIbPVhT2AO6DEDcO7LbzekwfCCBJPRQa.MH1YBtMK', 'dark', 'Т-094', NULL, '2025-06-05 01:19:26', '2025-06-05 01:19:26', 'student', NULL, 1),
(29, 'Артём Попов', 'artem.popov@example.com', NULL, '$2y$12$5gO1PPlQsoKRKIbPVhT2AO6DEDcO7LbzekwfCCBJPRQa.MH1YBtMK', 'light', 'Т-094', NULL, '2025-06-05 01:19:26', '2025-06-05 01:19:26', 'student', NULL, 1),
(30, 'Виктория Антонова', 'victoria.antonova@example.com', NULL, '$2y$12$5gO1PPlQsoKRKIbPVhT2AO6DEDcO7LbzekwfCCBJPRQa.MH1YBtMK', 'light', 'Т-193', NULL, '2025-06-05 01:19:26', '2025-06-05 01:19:26', 'student', NULL, 1),
(31, 'Роман Захаров', 'roman.zakharov@example.com', NULL, '$2y$12$5gO1PPlQsoKRKIbPVhT2AO6DEDcO7LbzekwfCCBJPRQa.MH1YBtMK', 'dark', 'Т-193', NULL, '2025-06-05 01:19:26', '2025-06-05 01:19:26', 'student', NULL, 0),
(32, 'Светлана Борисова', 'svetlana.borisova@example.com', NULL, '$2y$12$5gO1PPlQsoKRKIbPVhT2AO6DEDcO7LbzekwfCCBJPRQa.MH1YBtMK', 'light', 'Т-193', NULL, '2025-06-05 01:19:26', '2025-06-05 01:19:26', 'student', NULL, 1),
(33, 'Игорь Королев', 'igor.korolev@example.com', NULL, '$2y$12$5gO1PPlQsoKRKIbPVhT2AO6DEDcO7LbzekwfCCBJPRQa.MH1YBtMK', 'dark', 'Т-193', NULL, '2025-06-05 01:19:26', '2025-06-05 01:19:26', 'student', NULL, 1),
(34, 'Татьяна Романова', 'tatiana.romanova@example.com', NULL, '$2y$12$5gO1PPlQsoKRKIbPVhT2AO6DEDcO7LbzekwfCCBJPRQa.MH1YBtMK', 'light', 'Т-193', NULL, '2025-06-05 01:19:26', '2025-06-05 01:19:26', 'student', NULL, 0),
(35, 'Николай Степанов', 'nikolay.stepanov@example.com', NULL, '$2y$12$5gO1PPlQsoKRKIbPVhT2AO6DEDcO7LbzekwfCCBJPRQa.MH1YBtMK', 'light', 'Т-194', NULL, '2025-06-05 01:19:26', '2025-06-05 01:19:26', 'student', NULL, 1),
(36, 'Галина Яковлева', 'galina.yakovleva@example.com', NULL, '$2y$12$5gO1PPlQsoKRKIbPVhT2AO6DEDcO7LbzekwfCCBJPRQa.MH1YBtMK', 'dark', 'Т-194', NULL, '2025-06-05 01:19:26', '2025-06-05 01:19:26', 'student', NULL, 1),
(37, 'Владислав Сорокин', 'vladislav.sorokin@example.com', NULL, '$2y$12$5gO1PPlQsoKRKIbPVhT2AO6DEDcO7LbzekwfCCBJPRQa.MH1YBtMK', 'light', 'Т-194', NULL, '2025-06-05 01:19:26', '2025-06-05 01:19:26', 'student', NULL, 0),
(38, 'Марина Зайцева', 'marina.zaitseva@example.com', NULL, '$2y$12$5gO1PPlQsoKRKIbPVhT2AO6DEDcO7LbzekwfCCBJPRQa.MH1YBtMK', 'dark', 'Т-194', NULL, '2025-06-05 01:19:26', '2025-06-05 01:19:26', 'student', NULL, 1),
(39, 'Денис Макаров', 'denis.makarov@example.com', NULL, '$2y$12$5gO1PPlQsoKRKIbPVhT2AO6DEDcO7LbzekwfCCBJPRQa.MH1YBtMK', 'light', 'Т-194', NULL, '2025-06-05 01:19:26', '2025-06-05 01:19:26', 'student', NULL, 1),
(40, 'Евгения Ковалева', 'evgenia.kovaleva@example.com', NULL, '$2y$12$5gO1PPlQsoKRKIbPVhT2AO6DEDcO7LbzekwfCCBJPRQa.MH1YBtMK', 'light', 'Т-195', NULL, '2025-06-05 01:19:26', '2025-06-05 01:19:26', 'student', NULL, 1),
(41, 'Константин Ильин', 'konstantin.ilyin@example.com', NULL, '$2y$12$5gO1PPlQsoKRKIbPVhT2AO6DEDcO7LbzekwfCCBJPRQa.MH1YBtMK', 'dark', 'Т-195', NULL, '2025-06-05 01:19:26', '2025-06-05 01:19:26', 'student', NULL, 0),
(42, 'Алина Гусева', 'alina.guseva@example.com', NULL, '$2y$12$5gO1PPlQsoKRKIbPVhT2AO6DEDcO7LbzekwfCCBJPRQa.MH1YBtMK', 'light', 'Т-195', NULL, '2025-06-05 01:19:26', '2025-06-05 01:19:26', 'student', NULL, 1),
(43, 'Станислав Титов', 'stanislav.titov@example.com', NULL, '$2y$12$5gO1PPlQsoKRKIbPVhT2AO6DEDcO7LbzekwfCCBJPRQa.MH1YBtMK', 'dark', 'Т-195', NULL, '2025-06-05 01:19:26', '2025-06-05 01:19:26', 'student', NULL, 1),
(44, 'Ксения Никитина', 'ksenia.nikitina@example.com', NULL, '$2y$12$5gO1PPlQsoKRKIbPVhT2AO6DEDcO7LbzekwfCCBJPRQa.MH1YBtMK', 'light', 'Т-195', NULL, '2025-06-05 01:19:26', '2025-06-05 01:19:26', 'student', NULL, 0),
(45, 'Петр Кураторов', 'petr.kuratorov@example.com', NULL, '$2y$12$5gO1PPlQsoKRKIbPVhT2AO6DEDcO7LbzekwfCCBJPRQa.MH1YBtMK', 'light', NULL, NULL, '2025-06-05 01:19:26', '2025-06-05 01:19:26', 'curator', '[\"Т-192\", \"Т-193\"]', 1),
(46, 'Елена Наставникова', 'elena.nastavnikova@example.com', NULL, '$2y$12$5gO1PPlQsoKRKIbPVhT2AO6DEDcO7LbzekwfCCBJPRQa.MH1YBtMK', 'dark', NULL, NULL, '2025-06-05 01:19:26', '2025-06-05 01:19:26', 'curator', '[\"Т-094\", \"Т-095\"]', 1),
(47, 'Михаил Преподавателев', 'mikhail.prepodavatelev@example.com', NULL, '$2y$12$5gO1PPlQsoKRKIbPVhT2AO6DEDcO7LbzekwfCCBJPRQa.MH1YBtMK', 'light', NULL, NULL, '2025-06-05 01:19:26', '2025-06-05 01:19:26', 'curator', '[\"Т-194\", \"Т-195\"]', 0),
(48, 'Анна Руководителева', 'anna.rukovoditeleva@example.com', NULL, '$2y$12$5gO1PPlQsoKRKIbPVhT2AO6DEDcO7LbzekwfCCBJPRQa.MH1YBtMK', 'dark', NULL, NULL, '2025-06-05 01:19:26', '2025-06-05 01:19:26', 'curator', '[\"Т-192\", \"Т-094\"]', 1),
(49, 'Сергей Методистов', 'sergey.metodistov@example.com', NULL, '$2y$12$5gO1PPlQsoKRKIbPVhT2AO6DEDcO7LbzekwfCCBJPRQa.MH1YBtMK', 'light', NULL, NULL, '2025-06-05 01:19:26', '2025-06-05 01:19:26', 'curator', '[\"Т-193\", \"Т-195\"]', 0),
(50, 'Иванов Иван Иванович', 'test@example.com', NULL, '$2y$12$XSnipIhwqgAYRVznBaLO6eo2siOOBMQ5wgSQtDX5EtaytsI9pQ3Qq', 'light', 'Т-191', NULL, '2025-06-10 06:10:56', '2025-06-10 06:10:56', 'student', NULL, 1),
(51, 'Илья Яковчик Сергеевич', 'ilyayakovchik91@gmail.com', NULL, '$2y$12$j1.iv7Etv8qLJln.qFCf2uyzpsX5Xkw.nDmfagoi/wJU0alCiG0JO', 'light', 'Т-192', 'oNROrfGoMesJAZR487LBzHKNQl2lUy0CaUbHvgGOLdXFOH3Rky70wH8tAMZo', '2025-06-10 06:37:43', '2025-06-20 16:25:38', 'student', NULL, 1);

--
-- Индексы сохранённых таблиц
--

--
-- Индексы таблицы `attendances`
--
ALTER TABLE `attendances`
  ADD PRIMARY KEY (`id`),
  ADD KEY `attendances_user_id_foreign` (`user_id`),
  ADD KEY `attendances_event_id_foreign` (`event_id`);

--
-- Индексы таблицы `cache`
--
ALTER TABLE `cache`
  ADD PRIMARY KEY (`key`);

--
-- Индексы таблицы `cache_locks`
--
ALTER TABLE `cache_locks`
  ADD PRIMARY KEY (`key`);

--
-- Индексы таблицы `events`
--
ALTER TABLE `events`
  ADD PRIMARY KEY (`id`),
  ADD UNIQUE KEY `events_attendance_token_unique` (`attendance_token`);

--
-- Индексы таблицы `event_groups`
--
ALTER TABLE `event_groups`
  ADD PRIMARY KEY (`id`),
  ADD UNIQUE KEY `event_groups_event_id_group_unique` (`event_id`,`group`);

--
-- Индексы таблицы `failed_jobs`
--
ALTER TABLE `failed_jobs`
  ADD PRIMARY KEY (`id`),
  ADD UNIQUE KEY `failed_jobs_uuid_unique` (`uuid`);

--
-- Индексы таблицы `invitations`
--
ALTER TABLE `invitations`
  ADD PRIMARY KEY (`id`),
  ADD UNIQUE KEY `invitations_token_unique` (`token`),
  ADD KEY `invitations_created_by_foreign` (`created_by`);

--
-- Индексы таблицы `jobs`
--
ALTER TABLE `jobs`
  ADD PRIMARY KEY (`id`),
  ADD KEY `jobs_queue_index` (`queue`);

--
-- Индексы таблицы `job_batches`
--
ALTER TABLE `job_batches`
  ADD PRIMARY KEY (`id`);

--
-- Индексы таблицы `migrations`
--
ALTER TABLE `migrations`
  ADD PRIMARY KEY (`id`);

--
-- Индексы таблицы `password_reset_tokens`
--
ALTER TABLE `password_reset_tokens`
  ADD PRIMARY KEY (`email`);

--
-- Индексы таблицы `registrations`
--
ALTER TABLE `registrations`
  ADD PRIMARY KEY (`id`),
  ADD KEY `registrations_user_id_foreign` (`user_id`),
  ADD KEY `registrations_event_id_foreign` (`event_id`);

--
-- Индексы таблицы `sessions`
--
ALTER TABLE `sessions`
  ADD PRIMARY KEY (`id`),
  ADD KEY `sessions_user_id_idx` (`user_id`),
  ADD KEY `sessions_last_activity_idx` (`last_activity`);

--
-- Индексы таблицы `users`
--
ALTER TABLE `users`
  ADD PRIMARY KEY (`id`),
  ADD UNIQUE KEY `users_email_unique` (`email`);

--
-- AUTO_INCREMENT для сохранённых таблиц
--

--
-- AUTO_INCREMENT для таблицы `attendances`
--
ALTER TABLE `attendances`
  MODIFY `id` bigint(20) UNSIGNED NOT NULL AUTO_INCREMENT, AUTO_INCREMENT=39;

--
-- AUTO_INCREMENT для таблицы `events`
--
ALTER TABLE `events`
  MODIFY `id` bigint(20) UNSIGNED NOT NULL AUTO_INCREMENT, AUTO_INCREMENT=29;

--
-- AUTO_INCREMENT для таблицы `event_groups`
--
ALTER TABLE `event_groups`
  MODIFY `id` bigint(20) UNSIGNED NOT NULL AUTO_INCREMENT, AUTO_INCREMENT=88;

--
-- AUTO_INCREMENT для таблицы `failed_jobs`
--
ALTER TABLE `failed_jobs`
  MODIFY `id` bigint(20) UNSIGNED NOT NULL AUTO_INCREMENT;

--
-- AUTO_INCREMENT для таблицы `invitations`
--
ALTER TABLE `invitations`
  MODIFY `id` bigint(20) UNSIGNED NOT NULL AUTO_INCREMENT, AUTO_INCREMENT=42;

--
-- AUTO_INCREMENT для таблицы `jobs`
--
ALTER TABLE `jobs`
  MODIFY `id` bigint(20) UNSIGNED NOT NULL AUTO_INCREMENT;

--
-- AUTO_INCREMENT для таблицы `migrations`
--
ALTER TABLE `migrations`
  MODIFY `id` int(10) UNSIGNED NOT NULL AUTO_INCREMENT, AUTO_INCREMENT=22;

--
-- AUTO_INCREMENT для таблицы `registrations`
--
ALTER TABLE `registrations`
  MODIFY `id` bigint(20) UNSIGNED NOT NULL AUTO_INCREMENT, AUTO_INCREMENT=86;

--
-- AUTO_INCREMENT для таблицы `users`
--
ALTER TABLE `users`
  MODIFY `id` bigint(20) UNSIGNED NOT NULL AUTO_INCREMENT, AUTO_INCREMENT=52;

--
-- Ограничения внешнего ключа сохраненных таблиц
--

--
-- Ограничения внешнего ключа таблицы `attendances`
--
ALTER TABLE `attendances`
  ADD CONSTRAINT `attendances_event_id_foreign` FOREIGN KEY (`event_id`) REFERENCES `events` (`id`) ON DELETE CASCADE,
  ADD CONSTRAINT `attendances_user_id_foreign` FOREIGN KEY (`user_id`) REFERENCES `users` (`id`) ON DELETE CASCADE;

--
-- Ограничения внешнего ключа таблицы `event_groups`
--
ALTER TABLE `event_groups`
  ADD CONSTRAINT `event_groups_event_id_foreign` FOREIGN KEY (`event_id`) REFERENCES `events` (`id`) ON DELETE CASCADE;

--
-- Ограничения внешнего ключа таблицы `invitations`
--
ALTER TABLE `invitations`
  ADD CONSTRAINT `invitations_created_by_foreign` FOREIGN KEY (`created_by`) REFERENCES `users` (`id`);

--
-- Ограничения внешнего ключа таблицы `registrations`
--
ALTER TABLE `registrations`
  ADD CONSTRAINT `registrations_event_id_foreign` FOREIGN KEY (`event_id`) REFERENCES `events` (`id`) ON DELETE CASCADE,
  ADD CONSTRAINT `registrations_user_id_foreign` FOREIGN KEY (`user_id`) REFERENCES `users` (`id`) ON DELETE CASCADE;

--
-- Ограничения внешнего ключа таблицы `sessions`
--
ALTER TABLE `sessions`
  ADD CONSTRAINT `sessions_ibfk_1` FOREIGN KEY (`user_id`) REFERENCES `users` (`id`) ON DELETE CASCADE;
COMMIT;

/*!40101 SET CHARACTER_SET_CLIENT=@OLD_CHARACTER_SET_CLIENT */;
/*!40101 SET CHARACTER_SET_RESULTS=@OLD_CHARACTER_SET_RESULTS */;
/*!40101 SET COLLATION_CONNECTION=@OLD_COLLATION_CONNECTION */;
